codigo_estudiante,dni,nombres_apellidos,correo_institucional,celular,promedio_periodo,porcentaje_asistencia,pertenece_merito,pensiones_al_dia,estado_estudiante,codigos_seccion
U22000001,76730428,Andrea Mendoza,u22000001@utp.edu.pe,938317637,18.72,83.55,Tercio superior,TRUE,ACTIVO,24525|24529|24531|24541
U21000002,74443951,Lucía Castro,u21000002@utp.edu.pe,985345555,15.35,90.39,-,TRUE,ACTIVO,24508|24514|24523|24525|24531|24532
U20000003,70790481,Carlos Ramírez,u20000003@utp.edu.pe,994214382,11.94,87.86,-,TRUE,ACTIVO,24516|24524|24529|24533|24538
U20000004,71921859,Gonzalo Ríos,u20000004@utp.edu.pe,996028436,13.56,73.15,-,TRUE,ACTIVO,24516|24532|24546|24548
U21000005,78517485,Carlos Sánchez,u21000005@utp.edu.pe,995758349,15.07,69.56,-,TRUE,ACTIVO,24500|24533|24534|24549
U22000006,78197443,Marcos Torres,u22000006@utp.edu.pe,958718453,18.41,93.60,Tercio superior,TRUE,ACTIVO,24505|24515|24536|24546
U23000007,71161193,Gonzalo Ramírez,u23000007@utp.edu.pe,927232410,16.44,97.98,Quinto superior,TRUE,ACTIVO,24512|24513|24527|24534|24538|24544
U22000008,76693979,Luis Alvarez,u22000008@utp.edu.pe,979467853,14.56,71.42,-,TRUE,ACTIVO,24500|24514|24535|24537
U20000009,70987737,Mateo Mendoza,u20000009@utp.edu.pe,914216175,18.24,64.69,Tercio superior,TRUE,ACTIVO,24508|24513|24531|24534|24536|24545
U23000010,74076817,Renzo Díaz,u23000010@utp.edu.pe,935556386,11.35,87.04,-,TRUE,ACTIVO,24503|24529|24541|24543|24546
U20000011,71016911,Camila Romero,u20000011@utp.edu.pe,924665841,12.74,69.23,-,TRUE,ACTIVO,24504|24511|24515|24517|24529
U23000012,79232926,Carlos Gómez,u23000012@utp.edu.pe,997529405,19.49,93.77,Tercio superior,FALSE,ACTIVO,24510|24526|24530|24531
U21000013,76728339,Juan Vargas,u21000013@utp.edu.pe,960864911,10.52,76.84,-,FALSE,ACTIVO,24518|24527|24535|24544|24546
U23000014,72597059,Sofia Sánchez,u23000014@utp.edu.pe,939219319,19.22,84.01,Tercio superior,TRUE,ACTIVO,24503|24520|24530|24532|24537|24548
U21000015,70954280,Fiorella Mendoza,u21000015@utp.edu.pe,934941004,11.12,64.58,-,FALSE,ACTIVO,24507|24515|24536|24537|24538
U20000016,71375453,Jorge Salazar,u20000016@utp.edu.pe,985863473,15.21,97.52,-,TRUE,ACTIVO,24508|24515|24516|24520|24525|24542
U22000017,77670955,Valeria Mendoza,u22000017@utp.edu.pe,911250299,14.62,99.94,-,FALSE,ACTIVO,24513|24516|24532|24534
U21000018,75855396,Ana Castro,u21000018@utp.edu.pe,959597086,13.06,78.65,-,TRUE,ACTIVO,24500|24533|24539|24541|24542
U22000019,71737893,Lucía Ríos,u22000019@utp.edu.pe,925492573,18.51,90.21,Tercio superior,TRUE,ACTIVO,24513|24521|24538|24543|24545
U22000020,78479356,Renzo Ríos,u22000020@utp.edu.pe,916818112,11.33,78.10,-,TRUE,ACTIVO,24508|24521|24540|24549
U22000021,72710895,Paola Reyes,u22000021@utp.edu.pe,967403166,15.55,66.25,Quinto superior,FALSE,ACTIVO,24502|24509|24523|24534|24535|24537
U21000022,77210624,Lucía Gómez,u21000022@utp.edu.pe,951373735,13.78,97.46,-,FALSE,ACTIVO,24513|24515|24522|24543
U20000023,75933742,Gonzalo Díaz,u20000023@utp.edu.pe,993303777,17.25,97.18,Tercio superior,TRUE,ACTIVO,24501|24511|24526|24547
U22000024,76907400,Mateo Ríos,u22000024@utp.edu.pe,931367172,17.59,66.11,Tercio superior,FALSE,ACTIVO,24512|24514|24519|24522|24529
U21000025,73740036,Marcos Flores,u21000025@utp.edu.pe,963481198,13.45,94.85,-,FALSE,ACTIVO,24522|24525|24532|24541|24543
U22000026,70463060,Carlos Ríos,u22000026@utp.edu.pe,933966966,15.73,99.37,Quinto superior,TRUE,ACTIVO,24520|24522|24527|24538|24546|24549
U20000027,76462506,Daniela Flores,u20000027@utp.edu.pe,944188276,10.90,78.57,-,TRUE,ACTIVO,24512|24523|24542|24543|24546|24547
U23000028,71173965,Valeria Gutierrez,u23000028@utp.edu.pe,952133044,16.47,66.74,Quinto superior,FALSE,ACTIVO,24519|24520|24525|24526|24542|24544
U22000029,79301497,Lucía Flores,u22000029@utp.edu.pe,966431351,16.48,76.41,Quinto superior,TRUE,ACTIVO,24519|24525|24536|24539
U20000030,75098175,Gabriel Flores,u20000030@utp.edu.pe,967698610,17.57,85.05,Tercio superior,TRUE,ACTIVO,24513|24528|24530|24532|24543
U21000031,71422633,Gabriel Morales,u21000031@utp.edu.pe,999100953,16.20,74.74,Quinto superior,TRUE,ACTIVO,24512|24514|24519|24543
U21000032,70409790,Juan Castro,u21000032@utp.edu.pe,973771720,16.00,91.20,Quinto superior,TRUE,ACTIVO,24512|24524|24531|24536|24544|24545
U23000033,74093379,Lucía Pérez,u23000033@utp.edu.pe,924305904,17.51,70.32,Tercio superior,TRUE,ACTIVO,24503|24507|24515|24529|24533|24535
U23000034,72237058,Paola Morales,u23000034@utp.edu.pe,985017682,15.86,98.10,Quinto superior,FALSE,ACTIVO,24510|24527|24528|24532|24535|24546
U23000035,77550917,Andrea Castro,u23000035@utp.edu.pe,995585469,13.00,91.55,-,TRUE,ACTIVO,24504|24517|24528|24545
U22000036,73934149,Andrea Romero,u22000036@utp.edu.pe,952910691,18.54,65.06,Tercio superior,TRUE,ACTIVO,24504|24509|24513|24544|24545
U23000037,76838382,Valeria Reyes,u23000037@utp.edu.pe,972535301,14.24,69.86,-,TRUE,ACTIVO,24500|24501|24524|24530|24536|24544
U22000038,75009888,Camila Díaz,u22000038@utp.edu.pe,982238741,17.23,82.75,Tercio superior,TRUE,ACTIVO,24514|24517|24527|24531
U23000039,70486955,Camila Romero,u23000039@utp.edu.pe,999774697,16.61,77.36,Tercio superior,TRUE,ACTIVO,24501|24508|24525|24534|24539
U20000040,71408404,Jorge Ramírez,u20000040@utp.edu.pe,971968116,12.14,71.89,-,TRUE,ACTIVO,24517|24520|24521|24524|24548
U23000041,74232413,Ana García,u23000041@utp.edu.pe,912601580,17.24,63.98,Tercio superior,FALSE,ACTIVO,24502|24504|24541|24549
U20000042,74148725,Sofia Pérez,u20000042@utp.edu.pe,993394260,11.87,66.80,-,TRUE,ACTIVO,24510|24513|24516|24523|24529|24544
U20000043,72747534,Gabriel Torres,u20000043@utp.edu.pe,987669750,10.73,73.85,-,TRUE,ACTIVO,24504|24512|24525|24537|24545
U21000044,71709620,Gabriel Gutierrez,u21000044@utp.edu.pe,926247735,17.67,83.51,Tercio superior,TRUE,ACTIVO,24504|24523|24527|24532|24541|24542
U22000045,70212267,Jorge García,u22000045@utp.edu.pe,924165187,14.40,75.76,-,FALSE,ACTIVO,24509|24511|24527|24545|24546
U22000046,79029043,Renzo Alvarez,u22000046@utp.edu.pe,968461818,17.93,84.51,Tercio superior,TRUE,ACTIVO,24505|24515|24517|24528
U23000047,79560490,Kevyn Ruiz,u23000047@utp.edu.pe,955150390,10.76,94.34,-,TRUE,ACTIVO,24516|24517|24521|24522
U22000048,79324626,Marcos Morales,u22000048@utp.edu.pe,935643159,11.27,89.36,-,TRUE,ACTIVO,24530|24541|24544|24545
U23000049,77519121,Marcos Mendoza,u23000049@utp.edu.pe,949491631,12.49,88.29,-,TRUE,ACTIVO,24522|24523|24527|24530|24533|24535
U22000050,75902401,Paola Ríos,u22000050@utp.edu.pe,951154241,12.76,66.58,-,TRUE,ACTIVO,24534|24544|24547|24548
U21000051,73213524,Sofia García,u21000051@utp.edu.pe,947111151,17.02,99.11,Tercio superior,TRUE,ACTIVO,24506|24512|24514|24518|24523
U21000052,75071208,Marcos Reyes,u21000052@utp.edu.pe,926989677,12.97,99.02,-,TRUE,ACTIVO,24500|24506|24508|24531|24536|24540
U22000053,77875173,Renzo Alvarez,u22000053@utp.edu.pe,955728776,12.16,63.95,-,FALSE,ACTIVO,24504|24507|24525|24531|24536
U20000054,72545556,Lucía Salazar,u20000054@utp.edu.pe,950780112,11.27,71.43,-,TRUE,ACTIVO,24514|24533|24538|24539|24549
U23000055,77558378,Paola Sánchez,u23000055@utp.edu.pe,988990506,19.41,73.60,Tercio superior,TRUE,ACTIVO,24506|24513|24516|24540|24547|24549
U20000056,72634980,Mateo Vargas,u20000056@utp.edu.pe,984087145,11.18,62.10,-,TRUE,ACTIVO,24502|24514|24518|24530|24545|24548
U23000057,71194198,Mateo Ríos,u23000057@utp.edu.pe,993893865,15.81,92.55,Quinto superior,TRUE,ACTIVO,24509|24514|24534|24541
U22000058,72386328,Ana Gómez,u22000058@utp.edu.pe,932269779,17.63,84.61,Tercio superior,TRUE,ACTIVO,24507|24519|24528|24529|24544
U23000059,74567533,Fiorella Reyes,u23000059@utp.edu.pe,976276072,14.44,84.73,-,FALSE,ACTIVO,24501|24505|24514|24516|24520|24538
U20000060,74521644,Daniela Gómez,u20000060@utp.edu.pe,933513701,14.73,86.76,-,FALSE,ACTIVO,24527|24531|24537|24540
U20000061,77885465,Luis Díaz,u20000061@utp.edu.pe,954735895,13.39,65.97,-,TRUE,ACTIVO,24518|24525|24531|24542|24544
U20000062,77630712,Ana Romero,u20000062@utp.edu.pe,943876400,13.41,98.87,-,TRUE,ACTIVO,24500|24503|24526|24529|24534|24542
U21000063,78697969,Luis Gutierrez,u21000063@utp.edu.pe,976906611,16.13,90.88,Quinto superior,TRUE,ACTIVO,24507|24508|24518|24528|24531|24544
U20000064,74014745,Diego Sánchez,u20000064@utp.edu.pe,983932360,10.62,77.50,-,TRUE,ACTIVO,24507|24509|24529|24541
U23000065,74896624,Fiorella Ríos,u23000065@utp.edu.pe,965766169,18.01,99.25,Tercio superior,TRUE,ACTIVO,24508|24509|24512|24524|24532|24538
U20000066,74634662,Jorge Romero,u20000066@utp.edu.pe,978147397,12.90,62.10,-,TRUE,ACTIVO,24509|24528|24531|24534|24537|24542
U23000067,75790218,Valeria Reyes,u23000067@utp.edu.pe,982937948,13.89,97.45,-,FALSE,ACTIVO,24502|24514|24515|24524|24526|24536
U22000068,77935224,Camila Ruiz,u22000068@utp.edu.pe,999078806,17.63,86.78,Tercio superior,TRUE,ACTIVO,24508|24521|24532|24537
U20000069,77387112,Carlos Morales,u20000069@utp.edu.pe,971327848,10.64,67.48,-,FALSE,ACTIVO,24504|24516|24521|24530
U23000070,71347467,Valeria Reyes,u23000070@utp.edu.pe,961003997,19.09,85.82,Tercio superior,FALSE,ACTIVO,24502|24504|24515|24534|24539
U22000071,73816586,Ana Díaz,u22000071@utp.edu.pe,923212812,17.34,88.75,Tercio superior,TRUE,ACTIVO,24501|24502|24519|24544
U22000072,70941524,Gabriel Espinoza,u22000072@utp.edu.pe,960310319,14.38,71.28,-,TRUE,ACTIVO,24505|24510|24511|24524|24539|24549
U21000073,78349470,Daniela Ramírez,u21000073@utp.edu.pe,941163805,14.65,71.65,-,TRUE,ACTIVO,24518|24529|24534|24543
U21000074,71239197,Paola Espinoza,u21000074@utp.edu.pe,988862539,13.19,98.56,-,TRUE,ACTIVO,24506|24512|24519|24524|24530
U21000075,76398231,Daniela Espinoza,u21000075@utp.edu.pe,987149951,13.16,88.57,-,TRUE,ACTIVO,24500|24503|24517|24525|24536|24543
U23000076,74801541,Mateo Gutierrez,u23000076@utp.edu.pe,957287718,12.47,69.23,-,TRUE,ACTIVO,24506|24508|24540|24542|24543|24549
U20000077,75183033,Paola Gómez,u20000077@utp.edu.pe,987789079,13.78,66.99,-,FALSE,ACTIVO,24508|24511|24512|24526|24547
U22000078,78906224,Fiorella Ríos,u22000078@utp.edu.pe,932084778,12.81,93.34,-,TRUE,ACTIVO,24504|24507|24521|24529|24547
U21000079,73785186,Camila Reyes,u21000079@utp.edu.pe,959093496,11.31,76.99,-,TRUE,ACTIVO,24523|24529|24543|24547
U22000080,79807290,Camila Espinoza,u22000080@utp.edu.pe,924541967,16.57,79.92,Tercio superior,TRUE,ACTIVO,24504|24514|24520|24539|24540|24541
U23000081,75069909,Jorge Torres,u23000081@utp.edu.pe,928760553,10.91,63.41,-,FALSE,ACTIVO,24506|24508|24515|24534
U23000082,77610879,Luis Reyes,u23000082@utp.edu.pe,966254240,15.79,89.61,Quinto superior,FALSE,ACTIVO,24502|24506|24517|24526|24531|24539
U22000083,73645180,Paola Alvarez,u22000083@utp.edu.pe,941690501,18.20,65.78,Tercio superior,TRUE,ACTIVO,24503|24512|24517|24522|24525|24541
U20000084,77628891,Ana Flores,u20000084@utp.edu.pe,996128115,16.26,98.90,Quinto superior,TRUE,ACTIVO,24504|24508|24513|24515|24536
U21000085,79837875,Sofia Castro,u21000085@utp.edu.pe,954098516,17.47,91.97,Tercio superior,TRUE,ACTIVO,24508|24509|24511|24516|24534
U20000086,70432519,Lucía Pérez,u20000086@utp.edu.pe,958082464,17.61,71.04,Tercio superior,TRUE,ACTIVO,24503|24508|24516|24547
U23000087,78826250,Carlos Mendoza,u23000087@utp.edu.pe,973920651,14.53,75.76,-,TRUE,ACTIVO,24502|24514|24532|24539|24546
U22000088,77684678,Marcos Gómez,u22000088@utp.edu.pe,974287863,18.13,78.20,Tercio superior,TRUE,ACTIVO,24504|24505|24509|24520|24528|24538
U20000089,72117143,Andrea Gutierrez,u20000089@utp.edu.pe,994970119,15.77,89.06,Quinto superior,TRUE,ACTIVO,24518|24527|24529|24532|24533|24538
U20000090,71919549,Gonzalo Flores,u20000090@utp.edu.pe,967723010,14.56,70.68,-,TRUE,ACTIVO,24506|24520|24525|24526|24546
U23000091,75243275,Andrea Espinoza,u23000091@utp.edu.pe,930486849,16.68,80.02,Tercio superior,TRUE,ACTIVO,24505|24506|24527|24547
U22000092,72182975,Gonzalo Gómez,u22000092@utp.edu.pe,988714010,19.11,83.34,Tercio superior,TRUE,ACTIVO,24522|24527|24542|24546|24548
U20000093,74825620,Kevyn Sánchez,u20000093@utp.edu.pe,957197152,11.43,81.28,-,TRUE,ACTIVO,24506|24514|24522|24523|24535
U20000094,74673599,Daniela Castro,u20000094@utp.edu.pe,967594492,18.11,99.03,Tercio superior,TRUE,ACTIVO,24501|24535|24538|24541|24542|24543
U22000095,70485753,Diego Ríos,u22000095@utp.edu.pe,951471222,18.79,75.34,Tercio superior,TRUE,ACTIVO,24504|24525|24536|24542
U21000096,70514340,Ana Morales,u21000096@utp.edu.pe,938874646,13.89,79.24,-,TRUE,ACTIVO,24520|24536|24538|24546|24549
U20000097,70882629,Lucía Vargas,u20000097@utp.edu.pe,992924837,10.95,65.10,-,TRUE,ACTIVO,24517|24526|24528|24531|24538
U21000098,78595744,Carlos Espinoza,u21000098@utp.edu.pe,967702031,11.50,87.77,-,TRUE,ACTIVO,24502|24514|24519|24525|24538|24542
U20000099,70128967,Sofia Sánchez,u20000099@utp.edu.pe,938351344,17.41,91.04,Tercio superior,TRUE,ACTIVO,24500|24527|24531|24547
U21000100,72167376,Camila Reyes,u21000100@utp.edu.pe,940884937,15.00,93.67,-,TRUE,ACTIVO,24502|24525|24527|24547
U20000101,77713396,Ana Romero,u20000101@utp.edu.pe,987277086,14.36,77.37,-,TRUE,ACTIVO,24501|24507|24510|24520|24525
U23000102,76070880,Ana Díaz,u23000102@utp.edu.pe,924208709,12.69,84.38,-,TRUE,ACTIVO,24514|24519|24521|24547|24549
U21000103,71281433,Fiorella Torres,u21000103@utp.edu.pe,981216573,15.09,96.43,-,TRUE,ACTIVO,24506|24509|24515|24516|24541|24548
U21000104,72910830,Kevyn Ramírez,u21000104@utp.edu.pe,997980930,11.18,98.15,-,TRUE,ACTIVO,24528|24536|24537|24543|24548
U22000105,75303930,Lucía Alvarez,u22000105@utp.edu.pe,919165226,14.72,85.99,-,TRUE,ACTIVO,24503|24504|24519|24522|24529|24532
U23000106,70630944,Juan Espinoza,u23000106@utp.edu.pe,948530827,11.19,94.84,-,FALSE,ACTIVO,24524|24529|24532|24535|24537|24538
U20000107,77545279,Daniela Flores,u20000107@utp.edu.pe,953154591,15.95,81.05,Quinto superior,FALSE,ACTIVO,24505|24506|24521|24532|24545
U21000108,70656695,Mateo Alvarez,u21000108@utp.edu.pe,968978194,15.22,85.17,-,TRUE,ACTIVO,24521|24524|24526|24543|24549
U20000109,75614484,Ana Romero,u20000109@utp.edu.pe,922684373,15.52,76.69,Quinto superior,TRUE,ACTIVO,24505|24509|24521|24537|24538|24542
U21000110,75869018,Gabriel Ruiz,u21000110@utp.edu.pe,927307598,15.86,97.64,Quinto superior,TRUE,ACTIVO,24508|24521|24541|24542|24544
U20000111,77103580,Fiorella Espinoza,u20000111@utp.edu.pe,912446861,13.76,68.85,-,TRUE,ACTIVO,24504|24508|24509|24512|24514
U22000112,71696860,Fiorella Reyes,u22000112@utp.edu.pe,980669879,10.84,74.80,-,TRUE,ACTIVO,24509|24510|24524|24538
U21000113,72777286,Paola Gómez,u21000113@utp.edu.pe,965144509,13.78,89.34,-,FALSE,ACTIVO,24514|24518|24528|24534|24547|24548
U21000114,75192009,Renzo Flores,u21000114@utp.edu.pe,959370777,16.60,83.68,Tercio superior,TRUE,ACTIVO,24524|24526|24532|24533|24549
U21000115,73350371,Kevyn Ramírez,u21000115@utp.edu.pe,943554863,10.97,80.26,-,TRUE,ACTIVO,24507|24518|24533|24545
U20000116,72689594,Andrea Alvarez,u20000116@utp.edu.pe,978901038,11.83,78.62,-,FALSE,ACTIVO,24501|24522|24526|24528
U20000117,76651393,Fiorella Espinoza,u20000117@utp.edu.pe,941645597,13.98,65.10,-,TRUE,ACTIVO,24506|24509|24521|24541|24545
U21000118,70642620,Gabriel García,u21000118@utp.edu.pe,928628439,17.33,79.83,Tercio superior,TRUE,ACTIVO,24501|24509|24513|24516
U23000119,71865405,Gabriel Castro,u23000119@utp.edu.pe,950419829,11.60,71.06,-,TRUE,ACTIVO,24504|24507|24529|24531|24534|24538
U20000120,78646569,Daniela Castro,u20000120@utp.edu.pe,929270557,13.12,62.06,-,TRUE,ACTIVO,24505|24511|24526|24533|24542|24547
U22000121,71135470,Fiorella Reyes,u22000121@utp.edu.pe,978092370,17.58,81.29,Tercio superior,TRUE,ACTIVO,24502|24516|24523|24524|24540
U20000122,75991041,Ana Espinoza,u20000122@utp.edu.pe,942363373,17.10,85.87,Tercio superior,TRUE,ACTIVO,24502|24508|24521|24522|24534|24548
U22000123,72937508,Paola García,u22000123@utp.edu.pe,994790150,12.14,67.12,-,TRUE,ACTIVO,24502|24512|24518|24519|24520
U23000124,79110543,Renzo Ríos,u23000124@utp.edu.pe,914915156,17.28,69.26,Tercio superior,TRUE,ACTIVO,24507|24517|24521|24541
U22000125,77330827,Camila Alvarez,u22000125@utp.edu.pe,961894582,13.55,69.10,-,TRUE,ACTIVO,24505|24517|24527|24533|24546
U20000126,77224389,Kevyn Vargas,u20000126@utp.edu.pe,983212334,13.14,65.90,-,TRUE,ACTIVO,24519|24527|24528|24538|24545
U21000127,77447546,Luis Alvarez,u21000127@utp.edu.pe,915684813,17.04,96.64,Tercio superior,TRUE,ACTIVO,24503|24504|24517|24540|24542
U23000128,76095349,Fiorella Vargas,u23000128@utp.edu.pe,914179623,11.79,85.09,-,TRUE,ACTIVO,24504|24508|24515|24549
U22000129,76075878,Camila Salazar,u22000129@utp.edu.pe,914346684,15.95,87.80,Quinto superior,FALSE,ACTIVO,24504|24508|24528|24536|24548
U22000130,76677903,Valeria Ríos,u22000130@utp.edu.pe,943502308,19.14,62.98,Tercio superior,TRUE,ACTIVO,24507|24516|24524|24528|24535|24546
U21000131,74791184,Renzo Flores,u21000131@utp.edu.pe,926460116,11.72,64.81,-,TRUE,ACTIVO,24505|24520|24522|24528|24542|24543
U20000132,79227420,Gonzalo Sánchez,u20000132@utp.edu.pe,950259503,18.16,89.05,Tercio superior,FALSE,ACTIVO,24507|24511|24512|24514|24523|24532
U21000133,73971774,Renzo Pérez,u21000133@utp.edu.pe,958438711,15.49,76.02,-,TRUE,ACTIVO,24504|24505|24508|24519|24525|24539
U23000134,78819709,Jorge Díaz,u23000134@utp.edu.pe,987161840,11.16,98.95,-,TRUE,ACTIVO,24508|24522|24529|24533|24543
U21000135,72164813,Jorge Morales,u21000135@utp.edu.pe,917437386,17.98,81.69,Tercio superior,TRUE,ACTIVO,24514|24520|24522|24545
U22000136,71323049,Andrea Flores,u22000136@utp.edu.pe,995235919,19.11,72.43,Tercio superior,TRUE,ACTIVO,24505|24510|24532|24534|24537|24541
U21000137,72872269,Kevyn Gutierrez,u21000137@utp.edu.pe,955314533,18.08,83.42,Tercio superior,TRUE,ACTIVO,24502|24505|24541|24549
U22000138,73536777,Daniela Díaz,u22000138@utp.edu.pe,992961108,16.25,80.93,Quinto superior,TRUE,ACTIVO,24515|24519|24530|24541|24543
U23000139,74990112,Paola Mendoza,u23000139@utp.edu.pe,918041391,11.92,77.79,-,TRUE,ACTIVO,24509|24520|24538|24545|24546
U22000140,76689354,Lucía Espinoza,u22000140@utp.edu.pe,979119463,15.55,74.13,Quinto superior,TRUE,ACTIVO,24503|24506|24509|24515|24528
U22000141,76444964,Kevyn Díaz,u22000141@utp.edu.pe,943322272,19.16,96.29,Tercio superior,TRUE,ACTIVO,24510|24512|24520|24531|24532|24546
U23000142,78367799,Gabriel García,u23000142@utp.edu.pe,913110670,11.31,76.94,-,TRUE,ACTIVO,24503|24513|24522|24537
U20000143,74720376,Renzo Gutierrez,u20000143@utp.edu.pe,997813295,16.55,72.86,Tercio superior,TRUE,ACTIVO,24508|24516|24527|24546
U22000144,76765480,Luis Gómez,u22000144@utp.edu.pe,963765155,10.96,83.35,-,TRUE,ACTIVO,24504|24524|24528|24532|24548
U22000145,71993318,Lucía Torres,u22000145@utp.edu.pe,962868861,13.86,99.50,-,TRUE,ACTIVO,24509|24512|24532|24538|24548
U23000146,78389915,Juan Gómez,u23000146@utp.edu.pe,915222944,11.73,74.66,-,TRUE,ACTIVO,24508|24509|24520|24532|24538
U22000147,72726331,Camila Gutierrez,u22000147@utp.edu.pe,950162553,15.84,81.28,Quinto superior,TRUE,ACTIVO,24501|24519|24530|24536|24545
U22000148,75557278,Carlos Díaz,u22000148@utp.edu.pe,988343175,13.27,96.15,-,FALSE,ACTIVO,24501|24516|24530|24537|24538|24541
U21000149,70861596,Daniela García,u21000149@utp.edu.pe,932885741,15.22,89.40,-,TRUE,ACTIVO,24502|24509|24515|24536|24543
U20000150,73200829,Marcos Alvarez,u20000150@utp.edu.pe,952103092,14.27,77.69,-,TRUE,ACTIVO,24503|24508|24530|24539|24546|24549
U21000151,79410118,Valeria García,u21000151@utp.edu.pe,980528349,13.89,98.35,-,TRUE,ACTIVO,24521|24522|24534|24541|24543|24546
U22000152,78123194,Sofia Castro,u22000152@utp.edu.pe,947447604,15.52,70.54,Quinto superior,FALSE,ACTIVO,24513|24518|24544|24545|24549
U23000153,75319061,Renzo Espinoza,u23000153@utp.edu.pe,985227370,18.90,92.23,Tercio superior,TRUE,ACTIVO,24524|24534|24536|24543
U23000154,75790398,Lucía Sánchez,u23000154@utp.edu.pe,915646068,13.09,89.14,-,TRUE,ACTIVO,24513|24516|24530|24541|24547
U21000155,79035838,Andrea Reyes,u21000155@utp.edu.pe,946456416,11.74,85.40,-,TRUE,ACTIVO,24503|24514|24533|24542
U21000156,70880654,Carlos Díaz,u21000156@utp.edu.pe,954331259,16.96,65.82,Tercio superior,TRUE,ACTIVO,24510|24526|24535|24541
U23000157,78010256,Sofia Sánchez,u23000157@utp.edu.pe,953106399,13.07,64.25,-,TRUE,ACTIVO,24502|24511|24514|24534|24536|24546
U23000158,72949245,Juan Ruiz,u23000158@utp.edu.pe,976489301,12.18,90.46,-,FALSE,ACTIVO,24500|24502|24519|24536|24538
U20000159,75621073,Gabriel Alvarez,u20000159@utp.edu.pe,996075494,15.39,80.77,-,FALSE,ACTIVO,24507|24510|24512|24517|24521|24529
U23000160,74316188,Diego Pérez,u23000160@utp.edu.pe,955246430,17.62,83.58,Tercio superior,TRUE,ACTIVO,24525|24527|24539|24540
U22000161,71455218,Camila Torres,u22000161@utp.edu.pe,934800912,19.34,80.14,Tercio superior,FALSE,ACTIVO,24515|24516|24524|24528
U22000162,75530194,Gabriel Salazar,u22000162@utp.edu.pe,986890296,10.60,86.84,-,TRUE,ACTIVO,24507|24519|24529|24542
U21000163,76801762,Fiorella Sánchez,u21000163@utp.edu.pe,925759274,16.25,97.74,Quinto superior,TRUE,ACTIVO,24508|24509|24514|24530
U23000164,76268384,Jorge Reyes,u23000164@utp.edu.pe,973193474,17.32,92.48,Tercio superior,TRUE,ACTIVO,24505|24538|24543|24548
U23000165,78861274,Luis Mendoza,u23000165@utp.edu.pe,985721444,11.51,93.49,-,FALSE,ACTIVO,24509|24510|24534|24536
U22000166,78729882,Paola Torres,u22000166@utp.edu.pe,937568520,16.95,80.58,Tercio superior,FALSE,ACTIVO,24503|24508|24526|24529|24532
U23000167,79460859,Juan Reyes,u23000167@utp.edu.pe,972059365,16.55,73.71,Tercio superior,TRUE,ACTIVO,24500|24504|24513|24537|24547
U20000168,77108462,Luis Mendoza,u20000168@utp.edu.pe,982633735,19.45,97.51,Tercio superior,TRUE,ACTIVO,24502|24511|24518|24526|24549
U21000169,77052503,Luis Ruiz,u21000169@utp.edu.pe,970201634,18.33,96.46,Tercio superior,TRUE,ACTIVO,24507|24508|24522|24534|24541|24542
U21000170,79013701,Camila Morales,u21000170@utp.edu.pe,927092236,17.05,70.46,Tercio superior,TRUE,ACTIVO,24519|24529|24543|24546
U23000171,78924365,Camila Castro,u23000171@utp.edu.pe,943220503,14.65,67.89,-,TRUE,ACTIVO,24502|24507|24526|24539|24542|24548
U20000172,74037710,Sofia Mendoza,u20000172@utp.edu.pe,923542127,15.85,78.96,Quinto superior,TRUE,ACTIVO,24502|24515|24525|24547
U23000173,73931560,Gonzalo Flores,u23000173@utp.edu.pe,917575790,11.76,99.75,-,TRUE,ACTIVO,24520|24536|24538|24543|24548|24549
U21000174,75062767,Lucía Morales,u21000174@utp.edu.pe,939667854,14.22,72.46,-,TRUE,ACTIVO,24511|24527|24535|24540|24543|24547
U23000175,70786584,Luis Ruiz,u23000175@utp.edu.pe,980392240,13.37,77.82,-,TRUE,ACTIVO,24511|24515|24530|24534|24548
U21000176,75045519,Lucía Alvarez,u21000176@utp.edu.pe,917734153,15.56,98.78,Quinto superior,TRUE,ACTIVO,24513|24515|24516|24524
U22000177,71326581,Paola Espinoza,u22000177@utp.edu.pe,922410307,15.32,93.52,-,TRUE,ACTIVO,24502|24504|24512|24538|24543
U21000178,78042900,Sofia Romero,u21000178@utp.edu.pe,950693207,19.11,62.58,Tercio superior,FALSE,ACTIVO,24507|24515|24530|24538|24544|24547
U21000179,76654381,Mateo Reyes,u21000179@utp.edu.pe,953166435,17.48,76.47,Tercio superior,TRUE,ACTIVO,24516|24519|24523|24531|24532
U23000180,71654371,Renzo Romero,u23000180@utp.edu.pe,937263310,13.84,77.73,-,TRUE,ACTIVO,24501|24509|24516|24547
U23000181,74952504,Lucía Flores,u23000181@utp.edu.pe,954273769,12.57,83.65,-,TRUE,ACTIVO,24516|24521|24531|24541|24543|24549
U23000182,77731427,Diego Espinoza,u23000182@utp.edu.pe,932718459,11.76,82.77,-,TRUE,ACTIVO,24502|24503|24504|24533|24541|24542
U20000183,70107102,Jorge Ramírez,u20000183@utp.edu.pe,994651342,12.58,88.87,-,TRUE,ACTIVO,24503|24523|24529|24539|24540|24542
U23000184,78184838,Marcos Pérez,u23000184@utp.edu.pe,981432350,15.46,62.45,-,TRUE,ACTIVO,24501|24518|24532|24534|24544
U23000185,73007598,Carlos Torres,u23000185@utp.edu.pe,980381817,11.84,69.29,-,TRUE,ACTIVO,24505|24517|24523|24525|24529
U21000186,73789255,Gabriel Mendoza,u21000186@utp.edu.pe,997742922,19.43,86.70,Tercio superior,TRUE,ACTIVO,24503|24524|24530|24535|24540
U20000187,72875339,Ana García,u20000187@utp.edu.pe,968238367,16.30,74.59,Quinto superior,FALSE,ACTIVO,24502|24513|24514|24533
U23000188,74548220,Juan Mendoza,u23000188@utp.edu.pe,947631028,18.59,83.41,Tercio superior,TRUE,ACTIVO,24501|24509|24513|24537|24548
U23000189,71290796,Gabriel Vargas,u23000189@utp.edu.pe,985693188,12.66,93.72,-,TRUE,ACTIVO,24505|24508|24521|24524|24544|24547
U22000190,70900876,Carlos Díaz,u22000190@utp.edu.pe,941157840,18.05,74.94,Tercio superior,TRUE,ACTIVO,24501|24517|24520|24525|24528|24540
U23000191,73827527,Luis Reyes,u23000191@utp.edu.pe,960388958,14.39,87.83,-,TRUE,ACTIVO,24515|24518|24539|24549
U20000192,71376369,Andrea Ramírez,u20000192@utp.edu.pe,961002735,16.91,86.09,Tercio superior,TRUE,ACTIVO,24500|24505|24506|24519|24523
U23000193,76038413,Andrea Torres,u23000193@utp.edu.pe,927784789,11.29,78.38,-,TRUE,ACTIVO,24501|24505|24506|24522|24526|24535
U20000194,75443037,Camila Pérez,u20000194@utp.edu.pe,949171088,14.22,91.61,-,TRUE,ACTIVO,24510|24515|24524|24533|24536|24543
U21000195,72329349,Andrea Sánchez,u21000195@utp.edu.pe,946024950,14.94,64.40,-,TRUE,ACTIVO,24504|24516|24519|24523|24530
U21000196,78318184,Kevyn Gutierrez,u21000196@utp.edu.pe,936246038,14.62,67.15,-,TRUE,ACTIVO,24521|24524|24527|24528|24539
U21000197,75040467,Valeria Gutierrez,u21000197@utp.edu.pe,936957830,14.81,68.75,-,TRUE,ACTIVO,24518|24531|24540|24544|24547
U21000198,75467463,Camila Ríos,u21000198@utp.edu.pe,962738860,13.79,97.42,-,TRUE,ACTIVO,24501|24511|24513|24529|24535|24543
U23000199,74887726,Ana Díaz,u23000199@utp.edu.pe,977015343,11.75,73.51,-,TRUE,ACTIVO,24504|24524|24527|24545
U23000200,78040224,Daniela Ruiz,u23000200@utp.edu.pe,981721578,15.06,96.97,-,TRUE,ACTIVO,24502|24523|24534|24538|24540|24544
U20000201,71834914,Mateo Espinoza,u20000201@utp.edu.pe,932325574,16.32,63.68,Quinto superior,FALSE,ACTIVO,24500|24506|24521|24525|24527|24541
U20000202,74340909,Mateo Morales,u20000202@utp.edu.pe,979631857,15.52,88.13,Quinto superior,TRUE,ACTIVO,24525|24529|24537|24543|24549
U21000203,75787592,Marcos García,u21000203@utp.edu.pe,924032377,13.16,96.98,-,TRUE,ACTIVO,24509|24513|24519|24521|24522|24529
U23000204,75843509,Renzo Torres,u23000204@utp.edu.pe,968809636,17.00,79.19,Tercio superior,TRUE,ACTIVO,24501|24507|24521|24545
U20000205,72757404,Mateo Morales,u20000205@utp.edu.pe,933414716,15.47,74.58,-,TRUE,ACTIVO,24511|24514|24525|24540|24542
U23000206,76636771,Marcos Gutierrez,u23000206@utp.edu.pe,936484437,14.55,78.32,-,TRUE,ACTIVO,24513|24517|24545|24548
U20000207,79686290,Carlos Reyes,u20000207@utp.edu.pe,935093324,13.79,69.49,-,TRUE,ACTIVO,24520|24524|24531|24533|24538|24540
U23000208,79848304,Carlos Espinoza,u23000208@utp.edu.pe,957242616,18.11,85.46,Tercio superior,TRUE,ACTIVO,24505|24508|24519|24537|24539|24543
U22000209,71977390,Mateo Sánchez,u22000209@utp.edu.pe,925696616,12.15,88.35,-,TRUE,ACTIVO,24508|24524|24527|24536|24538
U21000210,78164971,Gonzalo Vargas,u21000210@utp.edu.pe,984479105,12.00,72.98,-,TRUE,ACTIVO,24500|24503|24522|24531|24539
U21000211,73273712,Camila Reyes,u21000211@utp.edu.pe,977838742,16.38,77.55,Quinto superior,TRUE,ACTIVO,24501|24505|24510|24528|24531|24536
U21000212,74900455,Juan Ríos,u21000212@utp.edu.pe,940177972,15.34,68.39,-,TRUE,ACTIVO,24507|24531|24532|24535|24536|24549
U20000213,74494430,Gonzalo Espinoza,u20000213@utp.edu.pe,982751830,17.90,63.58,Tercio superior,TRUE,ACTIVO,24506|24513|24515|24519|24527|24541
U20000214,77545256,Andrea Espinoza,u20000214@utp.edu.pe,921674661,14.45,99.77,-,TRUE,ACTIVO,24513|24537|24544|24547
U22000215,77183451,Diego Gutierrez,u22000215@utp.edu.pe,928687800,17.56,92.91,Tercio superior,TRUE,ACTIVO,24510|24517|24522|24534|24538|24548
U22000216,74909595,Gabriel Salazar,u22000216@utp.edu.pe,945882178,19.07,81.55,Tercio superior,FALSE,ACTIVO,24503|24508|24526|24548
U22000217,72128830,Lucía Castro,u22000217@utp.edu.pe,929628462,16.90,93.48,Tercio superior,TRUE,ACTIVO,24509|24517|24525|24531|24536|24540
U23000218,76294347,Paola Mendoza,u23000218@utp.edu.pe,995044078,17.65,91.22,Tercio superior,TRUE,ACTIVO,24517|24520|24523|24529|24531|24544
U20000219,71562657,Paola Espinoza,u20000219@utp.edu.pe,918500100,17.66,77.11,Tercio superior,FALSE,ACTIVO,24517|24518|24520|24531
U22000220,79182347,Daniela Ramírez,u22000220@utp.edu.pe,985986307,18.17,91.96,Tercio superior,FALSE,ACTIVO,24502|24506|24529|24540
U20000221,72084353,Diego Alvarez,u20000221@utp.edu.pe,971272827,10.51,98.41,-,TRUE,ACTIVO,24505|24508|24510|24517|24519|24541
U22000222,74200835,Ana Espinoza,u22000222@utp.edu.pe,999188862,18.63,68.29,Tercio superior,TRUE,ACTIVO,24514|24527|24544|24546|24548
U20000223,71596917,Marcos Flores,u20000223@utp.edu.pe,973995913,11.20,84.56,-,TRUE,ACTIVO,24500|24507|24521|24527|24544
U21000224,78014480,Ana Castro,u21000224@utp.edu.pe,961414775,11.30,92.63,-,TRUE,ACTIVO,24508|24519|24524|24548|24549
U21000225,72396676,Ana Morales,u21000225@utp.edu.pe,985603667,10.58,86.70,-,TRUE,ACTIVO,24509|24513|24526|24539|24540|24547
U23000226,73644760,Ana Torres,u23000226@utp.edu.pe,928792245,17.27,84.40,Tercio superior,TRUE,ACTIVO,24508|24515|24517|24520|24541
U20000227,74163551,Gonzalo Gutierrez,u20000227@utp.edu.pe,990531692,16.99,72.83,Tercio superior,FALSE,ACTIVO,24513|24519|24533|24542
U21000228,76572491,Gabriel Gómez,u21000228@utp.edu.pe,942123815,14.95,66.28,-,TRUE,ACTIVO,24500|24504|24508|24520|24523|24533
U23000229,79535840,Jorge Espinoza,u23000229@utp.edu.pe,983330690,16.65,90.98,Tercio superior,FALSE,ACTIVO,24500|24501|24504|24537
U22000230,73619565,Juan Gómez,u22000230@utp.edu.pe,963415303,15.06,85.89,-,TRUE,ACTIVO,24505|24525|24527|24540|24544
U21000231,74655136,Ana Sánchez,u21000231@utp.edu.pe,920606094,15.10,69.72,-,TRUE,ACTIVO,24520|24525|24537|24540|24541|24543
U20000232,75203780,Jorge Castro,u20000232@utp.edu.pe,917772004,12.70,97.14,-,TRUE,ACTIVO,24503|24511|24519|24538|24542|24546
U20000233,70212482,Lucía Pérez,u20000233@utp.edu.pe,931989243,14.97,75.17,-,TRUE,ACTIVO,24507|24508|24510|24516|24517|24523
U20000234,75620552,Jorge Ríos,u20000234@utp.edu.pe,980310522,11.07,89.07,-,TRUE,ACTIVO,24523|24529|24531|24532
U20000235,78382064,Daniela Vargas,u20000235@utp.edu.pe,959350218,11.92,91.39,-,FALSE,ACTIVO,24500|24502|24507|24514|24532|24546
U20000236,74102892,Juan García,u20000236@utp.edu.pe,958852098,13.95,67.70,-,FALSE,ACTIVO,24535|24541|24545|24547
U23000237,73766741,Valeria Castro,u23000237@utp.edu.pe,965869014,18.74,74.16,Tercio superior,TRUE,ACTIVO,24503|24507|24511|24523|24532|24543
U21000238,78653253,Juan Ruiz,u21000238@utp.edu.pe,919251149,18.39,94.91,Tercio superior,TRUE,ACTIVO,24500|24505|24520|24529|24535
U22000239,73366703,Gabriel Salazar,u22000239@utp.edu.pe,950790016,17.16,71.22,Tercio superior,TRUE,ACTIVO,24512|24534|24546|24548|24549
U21000240,72526084,Marcos Díaz,u21000240@utp.edu.pe,913209180,12.60,75.16,-,TRUE,ACTIVO,24500|24521|24542|24548
U23000241,75159172,Carlos Flores,u23000241@utp.edu.pe,981110496,19.35,77.95,Tercio superior,FALSE,ACTIVO,24502|24505|24517|24545
U21000242,78720112,Jorge Espinoza,u21000242@utp.edu.pe,971533194,19.27,65.23,Tercio superior,TRUE,ACTIVO,24504|24525|24537|24540
U20000243,77297801,Lucía Castro,u20000243@utp.edu.pe,949148093,12.85,73.97,-,TRUE,ACTIVO,24514|24517|24520|24528|24547|24548
U20000244,73400953,Lucía Salazar,u20000244@utp.edu.pe,924626086,11.90,68.25,-,TRUE,ACTIVO,24507|24513|24522|24534|24549
U23000245,75172545,Paola Ríos,u23000245@utp.edu.pe,926094525,11.31,92.69,-,TRUE,ACTIVO,24502|24509|24513|24520|24538|24544
U20000246,74164420,Luis Ruiz,u20000246@utp.edu.pe,978915391,10.94,73.36,-,TRUE,ACTIVO,24501|24525|24528|24535
U21000247,71589226,Paola Torres,u21000247@utp.edu.pe,928762704,11.59,64.34,-,TRUE,ACTIVO,24508|24512|24523|24525
U20000248,79769772,Daniela Ríos,u20000248@utp.edu.pe,920064609,10.70,64.45,-,FALSE,ACTIVO,24502|24505|24507|24508|24521
U23000249,70849559,Diego Salazar,u23000249@utp.edu.pe,968137264,17.90,77.01,Tercio superior,TRUE,ACTIVO,24511|24513|24517|24522|24527|24548
U22000250,77482830,Lucía Gómez,u22000250@utp.edu.pe,992423989,16.07,71.34,Quinto superior,TRUE,ACTIVO,24503|24505|24517|24530|24535
U23000251,72302438,Jorge Flores,u23000251@utp.edu.pe,996255361,18.46,81.98,Tercio superior,TRUE,ACTIVO,24501|24522|24524|24530|24534|24545
U23000252,75771934,Daniela Morales,u23000252@utp.edu.pe,953165014,14.00,68.83,-,TRUE,ACTIVO,24501|24503|24517|24549
U23000253,78882399,Luis Salazar,u23000253@utp.edu.pe,941240803,19.27,65.81,Tercio superior,TRUE,ACTIVO,24503|24514|24534|24547|24548
U23000254,75952633,Diego Vargas,u23000254@utp.edu.pe,941749355,15.83,92.64,Quinto superior,TRUE,ACTIVO,24501|24522|24536|24544|24545|24548
U21000255,79447399,Sofia García,u21000255@utp.edu.pe,982762732,13.28,80.64,-,TRUE,ACTIVO,24501|24514|24533|24538
U23000256,70011467,Valeria Gutierrez,u23000256@utp.edu.pe,937040091,17.76,74.95,Tercio superior,TRUE,ACTIVO,24501|24503|24509|24537|24545
U21000257,71860938,Fiorella Espinoza,u21000257@utp.edu.pe,919735027,13.86,97.79,-,TRUE,ACTIVO,24508|24519|24520|24521
U21000258,77329435,Renzo Romero,u21000258@utp.edu.pe,933381086,16.86,83.36,Tercio superior,FALSE,ACTIVO,24511|24514|24522|24524|24537|24542
U22000259,74941179,Lucía Vargas,u22000259@utp.edu.pe,910241310,19.04,98.05,Tercio superior,TRUE,ACTIVO,24502|24511|24514|24520|24538|24539
U20000260,78324603,Lucía Romero,u20000260@utp.edu.pe,920443030,12.64,99.33,-,TRUE,ACTIVO,24540|24542|24545|24546
U22000261,77493206,Marcos Ríos,u22000261@utp.edu.pe,938143348,12.75,64.58,-,TRUE,ACTIVO,24500|24503|24524|24546
U23000262,77040612,Diego Díaz,u23000262@utp.edu.pe,976180344,18.44,75.35,Tercio superior,TRUE,ACTIVO,24514|24536|24541|24543|24548
U21000263,77571346,Ana Gómez,u21000263@utp.edu.pe,949581964,10.68,71.92,-,TRUE,ACTIVO,24504|24510|24524|24535|24546
U20000264,75669869,Kevyn Gutierrez,u20000264@utp.edu.pe,974791834,16.84,78.39,Tercio superior,TRUE,ACTIVO,24503|24506|24510|24513|24521|24527
U21000265,76866576,Gonzalo Reyes,u21000265@utp.edu.pe,945603234,16.45,73.30,Quinto superior,TRUE,ACTIVO,24503|24509|24531|24535|24536
U22000266,70064014,Jorge Mendoza,u22000266@utp.edu.pe,949533757,17.92,85.75,Tercio superior,TRUE,ACTIVO,24501|24510|24513|24540
U22000267,71374659,Renzo Torres,u22000267@utp.edu.pe,951386492,17.56,79.90,Tercio superior,FALSE,ACTIVO,24505|24511|24524|24534|24541
U22000268,76399588,Luis Vargas,u22000268@utp.edu.pe,969830944,10.90,78.71,-,TRUE,ACTIVO,24503|24509|24536|24544|24548
U20000269,71437930,Luis Reyes,u20000269@utp.edu.pe,965564347,19.24,84.41,Tercio superior,TRUE,ACTIVO,24526|24530|24533|24534|24543
U21000270,77990355,Gabriel Mendoza,u21000270@utp.edu.pe,962989744,18.62,89.14,Tercio superior,TRUE,ACTIVO,24507|24509|24528|24536|24539|24543
U21000271,72804559,Sofia Flores,u21000271@utp.edu.pe,926936398,10.88,64.98,-,TRUE,ACTIVO,24509|24516|24538|24540
U22000272,71124274,Ana Ruiz,u22000272@utp.edu.pe,984673939,14.08,74.39,-,TRUE,ACTIVO,24500|24533|24537|24539|24544
U23000273,71887752,Jorge Ramírez,u23000273@utp.edu.pe,929891032,15.60,84.14,Quinto superior,FALSE,ACTIVO,24506|24518|24536|24549
U22000274,76893590,Andrea Ruiz,u22000274@utp.edu.pe,997884113,14.87,85.14,-,TRUE,ACTIVO,24509|24525|24538|24539|24543
U23000275,70650662,Camila Romero,u23000275@utp.edu.pe,941887353,10.94,80.06,-,TRUE,ACTIVO,24501|24517|24519|24521|24531
U20000276,73824490,Lucía Sánchez,u20000276@utp.edu.pe,969473299,17.47,74.19,Tercio superior,TRUE,ACTIVO,24505|24512|24513|24526|24528|24541
U23000277,78665455,Luis Gómez,u23000277@utp.edu.pe,979158328,17.62,64.49,Tercio superior,TRUE,ACTIVO,24501|24508|24533|24536|24549
U21000278,73234033,Sofia Gómez,u21000278@utp.edu.pe,943486016,10.80,63.92,-,TRUE,ACTIVO,24517|24523|24529|24532
U23000279,72078241,Marcos Castro,u23000279@utp.edu.pe,959991642,14.90,78.95,-,FALSE,ACTIVO,24510|24516|24522|24535|24537
U20000280,74782670,Marcos Ruiz,u20000280@utp.edu.pe,916664050,11.97,83.75,-,FALSE,ACTIVO,24513|24514|24541|24543
U22000281,76870390,Fiorella Pérez,u22000281@utp.edu.pe,911194267,14.77,67.03,-,TRUE,ACTIVO,24514|24516|24519|24538
U22000282,77110298,Camila Espinoza,u22000282@utp.edu.pe,971605671,12.77,79.73,-,TRUE,ACTIVO,24500|24506|24525|24532|24537|24542
U22000283,79419687,Kevyn Gutierrez,u22000283@utp.edu.pe,947940248,13.19,66.11,-,TRUE,ACTIVO,24516|24517|24520|24540|24541
U22000284,73160157,Lucía Morales,u22000284@utp.edu.pe,942252798,18.60,92.61,Tercio superior,TRUE,ACTIVO,24501|24508|24520|24525|24542|24543
U23000285,74959422,Andrea Díaz,u23000285@utp.edu.pe,964304344,13.99,63.34,-,TRUE,ACTIVO,24512|24514|24521|24543|24545|24546
U23000286,76014583,Fiorella Sánchez,u23000286@utp.edu.pe,932815223,18.07,95.31,Tercio superior,TRUE,ACTIVO,24508|24516|24530|24547
U21000287,75630978,Ana Castro,u21000287@utp.edu.pe,957685330,12.51,95.11,-,TRUE,ACTIVO,24516|24518|24523|24529|24537
U20000288,77894293,Juan Salazar,u20000288@utp.edu.pe,987888306,19.00,64.71,Tercio superior,FALSE,ACTIVO,24507|24519|24524|24526|24533|24543
U20000289,72529642,Lucía Flores,u20000289@utp.edu.pe,955992373,14.18,83.64,-,FALSE,ACTIVO,24509|24511|24520|24545|24549
U20000290,78180249,Valeria Vargas,u20000290@utp.edu.pe,952065724,16.21,62.18,Quinto superior,TRUE,ACTIVO,24510|24531|24536|24548
U20000291,72171071,Kevyn Díaz,u20000291@utp.edu.pe,995025258,14.36,78.30,-,TRUE,ACTIVO,24502|24512|24534|24546
U22000292,70236174,Valeria Morales,u22000292@utp.edu.pe,935578773,10.66,62.16,-,TRUE,ACTIVO,24508|24519|24522|24544
U20000293,76434909,Fiorella Salazar,u20000293@utp.edu.pe,951086072,12.00,93.31,-,TRUE,ACTIVO,24521|24529|24533|24538|24546
U23000294,72244614,Valeria García,u23000294@utp.edu.pe,958217837,17.25,68.27,Tercio superior,FALSE,ACTIVO,24501|24508|24513|24514|24546
U20000295,79893404,Fiorella Vargas,u20000295@utp.edu.pe,926530521,13.80,86.72,-,TRUE,ACTIVO,24503|24516|24534|24538|24539|24546
U20000296,70331211,Juan Torres,u20000296@utp.edu.pe,965938669,14.50,66.70,-,TRUE,ACTIVO,24500|24509|24513|24540|24543|24544
U22000297,77061051,Carlos Morales,u22000297@utp.edu.pe,946235719,16.11,88.63,Quinto superior,TRUE,ACTIVO,24507|24532|24539|24546
U22000298,71912813,Carlos García,u22000298@utp.edu.pe,936661903,15.98,91.56,Quinto superior,TRUE,ACTIVO,24518|24522|24526|24545
U21000299,70661118,Gonzalo García,u21000299@utp.edu.pe,937876214,16.69,80.27,Tercio superior,TRUE,ACTIVO,24505|24507|24536|24542
U23000300,72502229,Ana Morales,u23000300@utp.edu.pe,920072800,17.01,65.85,Tercio superior,TRUE,ACTIVO,24503|24516|24518|24529
